{"data":{"tipos":["SANTAS CEIAS","BATISMOS","CULTO PARA JOVENS","REUNIÕES PARA A MOCIDADE","ENSAIOS REGIONAIS","ASSUNTOS MUSICAIS","REUNIÕES DIVERSAS","ASSEMBLEIAS GERAIS ORDINÁRIAS","VIAGENS MISSIONÁRIAS","ORDENAÇÕES","AVISOS À IRMANDADE","ENSAIOS REGIONAIS"],"listas":[["SANTAS CEIAS","31/12 undefined 21:00","GOIÁS - CENTRAL","MARCO ANTONIOOO."],["SANTAS CEIAS","25/06 Dom 14:00","ARUANÃ - SETOR NOVA ARUANÃ","ITAMAR FERREIRA DE MENEZES."],["SANTAS CEIAS","28/06 Qua 14:00","ARAGUAPAZ - POVOADO DE TIRIRICA","VAGNER GARCIA DOS REIS."],["SANTAS CEIAS","01/07 Sáb 14:00","MOSSÂMEDES - CENTRAL","MARCO ANTONIO QUEIROZ."],["SANTAS CEIAS","02/07 Dom 19:00","SANTA FÉ DE GOIÁS - CENTRAL","NEIDE DA SILVA PEREIRA."],["SANTAS CEIAS","02/07 Dom 19:00","ITAPIRAPUÃ - CENTRAL","NEIDE DA SILVA PEREIRA."],["SANTAS CEIAS","02/07 Dom 19:00","URUANA - JARDIM VALE DO SOL","ITAMAR FERREIRA DE MENEZES."],["SANTAS CEIAS","04/07 Ter 14:00","SÃO MIGUEL DO ARAGUAIA - SETOR OESTE","JOILDO LIBERAL DA SILVA."],["SANTAS CEIAS","19/07 Qua 14:00","ITABERAÍ - VILA PROGRESSO","EMIVAL FERNANDES."],["SANTAS CEIAS","19/07 Qua 14:00","ITABERAÍ - FAZENDA MATO DENTRO","CACILDO DOS REIS DE SÁ."],["SANTAS CEIAS","24/07 Seg 14:00","ARUANÃ - SETOR MORADA DO SOL","ITAMAR FERREIRA DE MENEZES."],["SANTAS CEIAS","28/07 Sex 14:00","ITABERAÍ - OLHOS D'AGUA","EMIVAL FERNANDES."],["SANTAS CEIAS","29/07 Sáb 14:00","ITABERAÍ - FAZENDA SOBRADINHO","CACILDO DOS REIS DE SÁ."],["SANTAS CEIAS","30/07 Dom 14:00","MATRINCHÃ - CENTRAL","NEIDE DA SILVA PEREIRA."],["SANTAS CEIAS","01/08 Ter 14:00","MATRINCHÃ - DISTRITO LUA NOVA","NEIDE DA SILVA PEREIRA."],["SANTAS CEIAS","04/08 Sex 14:00","ITABERAÍ - SANTA RITA","CACILDO DOS REIS DE SÁ."],["SANTAS CEIAS","19/09 Ter 14:00","MIRANDÓPOLIS - CENTRAL","MARCO ANTONIO QUEIROZ."],["SANTAS CEIAS","29/09 Sex 14:00","AMERICANO DO BRASIL - CENTRAL","CACILDO DOS REIS DE SÁ."],["BATISMOS","10/06 Sáb 19:00","GOIÂNIA - CENTRAL","NILSON JOSÉ MEDEIRO."],["BATISMOS","28/06 Qua 14:00","FAINA - SANTA RITA","VAGNER GARCIA DOS REIS."],["BATISMOS","28/06 Qua 14:00","APARECIDA DE GOIÂNIA - B. INDEPENDÊNCIA DOURIVAN P ABREU","."],["BATISMOS","29/06 Qui 14:00","BRITÂNIA - CENTRAL","EMIVAL FERNANDES."],["BATISMOS","02/07 Dom 19:00","GUARAÍTA - CENTRAL","MARCO ANTONIO QUEIROZ."],["BATISMOS","02/07 Dom 19:00","MOZARLÃNDIA - FAZENDA VALE DO BOI","WALTER BORGES COSTA."],["BATISMOS","02/07 Dom 19:00","ITABERAÍ - CENTRAL","EMIVAL FERNANDES."],["BATISMOS","02/07 Dom 19:00","ITAPURANGA - CENTRAL","VAGNER GARCIA DOS REIS."],["BATISMOS","02/07 Dom 19:00","ITABERAÍ - FAZENDA MATO DENTRO","WALTER BORGES COSTA."],["BATISMOS","02/07 Dom 19:00","MUNDO NOVO - CENTRAL","JOILDO LIBERAL DA SILVA."],["BATISMOS","02/07 Dom 19:00","NOVO BRASIL - CENTRAL","NEIDE DA SILVA PEREIRA."],["BATISMOS","02/07 Dom 19:00","ITAPURANGA - POVOADO CIBELE","VAGNER GARCIA DOS REIS."],["BATISMOS","02/07 Dom 19:00","MOSSÂMEDES - CENTRAL","MARCO ANTONIO QUEIROZ."],["BATISMOS","02/07 Dom 19:00","MATRINCHÃ - CENTRAL","CACILDO DOS REIS DE SÁ."],["BATISMOS","02/07 Dom 19:00","INHUMAS - CENTRAL","ARLEI DIAS DE OLIVEIRA."],["BATISMOS","02/07 Dom 19:00","SENADOR CANEDO - CENTRAL","CARLOS ALBERTO DA SILVA."],["BATISMOS","02/07 Dom 19:00","HIDROLÂNDIA - NOVA FÁTIMA EDMAR JOSÉ ALVES","."],["BATISMOS","02/07 Dom 19:00","ITAGUARI - CENTRAL","ANTÔNIO JOSÉ."],["BATISMOS","02/07 Dom 19:00","ITAUÇU - CENTRAL","FERNANDO JOSÉ SIMÃO."],["BATISMOS","02/07 Dom 19:00","GOIÂNIA - FAMA ELSON LUIZ DE ALMEIDA","."],["BATISMOS","02/07 Dom 19:00","TAQUARAL - CENTRAL","JOSÉ ANTÔNIO SIQUEIRA."],["BATISMOS","02/07 Dom 19:00","BELA VISTA DE GOIÁS - VILA MATA FEIA JOÃO GONÇALVES","."],["BATISMOS","02/07 Dom 19:00","CRISTIANÁPOLIS - CENTRAL","AMÓS AMÁLIO CUNHA."],["BATISMOS","02/07 Dom 19:00","CRISTIANÁPOLIS - CENTRAL","AMÓS AMÁLIO CUNHA."],["BATISMOS","02/07 Dom 19:00","TRINDADE - CENTRAL","AELDO ALVES DA SILVA."],["BATISMOS","28/07 Sex 14:00","ANÁPOLIS - CENTRAL","HERLI MESSIAS OLIVEIRA."],["BATISMOS","02/08 Qua 14:00","TRINDADE - CENTRAL","JOSÉ DOS REIS LOPES."],["BATISMOS","02/08 Qua 14:00","APARECIDA DE GOIÂNIA - ST. GARAVELO DAVI SALMISTA","."],["BATISMOS","03/08 Qui 14:00","GOIÂNIA - CENTRAL","HERLI MESSIAS OLIVEIRA."],["BATISMOS","04/08 Sex 14:00","PETROLINA DE GOIÁS - CENTRAL","ETELVALDO PEREIRA DOS SANTOS."],["CULTO PARA JOVENS","05/07 Qua 14:00","MATRINCHÃ - CENTRAL","LEONARDO PAZINNI."],["REUNIÕES PARA A MOCIDADE","02/07 Dom 19:00","ITAPURANGA - CENTRAL","RUBENS CAVALCANTE."],["REUNIÕES PARA A MOCIDADE","02/07 Dom 19:00","JUSSARA - CENTRAL","."],["REUNIÕES PARA A MOCIDADE","02/07 Dom 19:00","ARUANÃ - CENTRAL","LEONARDO PAZINNI."],["REUNIÕES PARA A MOCIDADE","02/07 Dom 19:00","ITABERAÍ - OLHO D'ÁGUA DE SÃO BENEDITO","CARLOS ANTÔNIO DE SOUSA."],["ENSAIOS REGIONAIS","08/06 Qui 14:00","ITABERAÍ - CENTRAL","."],["ENSAIOS REGIONAIS","26/06 Seg 14:00","URUANA - CENTRAL","."],["ENSAIOS REGIONAIS","30/06 Sex 14:00","JUSSARA - CENTRAL","."],["ENSAIOS REGIONAIS","02/07 Dom 19:00","NOVA CRIXÁS - CENTRAL","."],["ENSAIOS REGIONAIS","02/07 Dom 19:00","ITABERAÍ - VILA PROGRESSO","."],["ENSAIOS REGIONAIS","02/07 Dom 19:00","ITABERAÍ - VILA PROGRESSO","."],["ENSAIOS REGIONAIS","02/07 Dom 19:00","JUSSARA - CENTRAL","."],["ENSAIOS REGIONAIS","02/07 Dom 19:00","NOVA CRIXÁS - CENTRAL","."],["ENSAIOS REGIONAIS","02/07 Dom 19:00","ARUANÃ - CENTRAL","."],["ENSAIOS REGIONAIS","02/07 Dom 19:00","JUSSARA - CENTRAL","."],["ENSAIOS REGIONAIS","04/07 Ter 14:00","NOVA CRIXÁS - CENTRAL","Zé Silva."],["ENSAIOS REGIONAIS","05/07 Qua 14:00","ITAPURANGA - CENTRAL","ANC. RUBENS CAVALCANTE; ENC. TIAGO CAETANO."],["ENSAIOS REGIONAIS","18/07 Ter 14:00","NOVA CRIXÁS - CENTRAL","JOSÉ RONALDO."],["ENSAIOS REGIONAIS","26/07 Qua 14:00","FAINA - CENTRAL","."],["ENSAIOS REGIONAIS","27/07 Qui 14:00","NOVA CRIXÁS - CENTRAL","MARCO ANTONIO QUEIROZ."],["ENSAIOS REGIONAIS","27/07 Qui 14:00","ITABERAÍ - VILA PROGRESSO","."],["ENSAIOS REGIONAIS","03/08 Qui 14:00","JUSSARA - CENTRAL","RUBENS CAVALCANTE."],["ENSAIOS REGIONAIS","29/08 Ter 14:00","FAINA - CENTRAL","."],["REUNIÕES DIVERSAS","02/07 Dom 14:00","FAINA - CENTRAL","RRM (REUNIÃO REGIONAL MINISTERIAL)."],["REUNIÕES DIVERSAS","02/07 Dom 19:00","URUANA - CENTRAL","RA (REUNIÃO ADMINISTRAÇÃO COM COLABORADORES).."],["REUNIÕES DIVERSAS","02/07 Dom 19:00","FAINA - CENTRAL","RA (REUNIÃO ADMINISTRAÇÃO COM COLABORADORES).."],["REUNIÕES DIVERSAS","02/07 Dom 19:00","FAINA - CENTRAL","REUNIÃO ANCIÃES E DIÁCONOS REGIÃO 01.."],["REUNIÕES DIVERSAS","02/07 Dom 19:00","FAINA - CENTRAL","RMA (REUNIÃO MINISTERIAL ADMINISTRATIVA).."],["REUNIÕES DIVERSAS","05/09 Ter 14:00","URUANA - CENTRAL","RMA (REUNIÃO MINISTERIAL ADMINISTRATIVA).."],["VIAGENS MISSIONÁRIAS","02/07 Dom 19:00","ITABERAÍ - VILA PROGRESSO","ADM FAINA; ANC. VAGNER GARCIA DOS REIS;."],["VIAGENS MISSIONÁRIAS","02/07 Dom 19:00","NOVA CRIXÁS - CENTRAL","ADM FAINA; ANC. ITAMAR FERREIRA DE MENEZES;."],["VIAGENS MISSIONÁRIAS","02/07 Dom 19:00","JUSSARA - CENTRAL","ADM FAINA; ANC. ITAMAR FERREIRA DE MENEZES; ANC. VAGNER GARCIA DOS REIS; ADM FAINA; ANC. ITAMAR FERREIRA DE MENEZES; ANC. VAGNER GARCIA DOS REIS; ADM FAINA; ANC. ITAMAR FERREIRA DE MENEZES; ANC. VAGNER GARCIA DOS REIS; ADM FAINA; ANC. ITAMAR FERREIRA DE MENEZES; ANC. VAGNER GARCIA DOS REIS;."],["VIAGENS MISSIONÁRIAS","25/07 Ter 14:00","URUANA - CENTRAL","ADM FAINA; ANC. ITAMAR FERREIRA DE MENEZES;."],["VIAGENS MISSIONÁRIAS","26/07 Qua 14:00","ITABERAÍ - VILA LEONOR","ADM FAINA; ANC. VAGNER GARCIA DOS REIS;."],["ORDENAÇÕES","02/07 Dom 19:00","GOIÁS - CENTRAL","ANC. ARLINDO BARBOSA GOMES; \nORDENADO POR ANC. VALDIR BATISTA SILVEIRA FILHO."],["ENSAIOS REGIONAIS","08/06 Qui 14:00","ITABERAÍ - CENTRAL","."],["ENSAIOS REGIONAIS","26/06 Seg 14:00","URUANA - CENTRAL","."],["ENSAIOS REGIONAIS","30/06 Sex 14:00","JUSSARA - CENTRAL","."],["ENSAIOS REGIONAIS","02/07 Dom 19:00","NOVA CRIXÁS - CENTRAL","."],["ENSAIOS REGIONAIS","02/07 Dom 19:00","ITABERAÍ - VILA PROGRESSO","."],["ENSAIOS REGIONAIS","02/07 Dom 19:00","ITABERAÍ - VILA PROGRESSO","."],["ENSAIOS REGIONAIS","02/07 Dom 19:00","JUSSARA - CENTRAL","."],["ENSAIOS REGIONAIS","02/07 Dom 19:00","NOVA CRIXÁS - CENTRAL","."],["ENSAIOS REGIONAIS","02/07 Dom 19:00","ARUANÃ - CENTRAL","."],["ENSAIOS REGIONAIS","02/07 Dom 19:00","JUSSARA - CENTRAL","."],["ENSAIOS REGIONAIS","04/07 Ter 14:00","NOVA CRIXÁS - CENTRAL","Zé Silva."],["ENSAIOS REGIONAIS","05/07 Qua 14:00","ITAPURANGA - CENTRAL","ANC. RUBENS CAVALCANTE; ENC. TIAGO CAETANO."],["ENSAIOS REGIONAIS","18/07 Ter 14:00","NOVA CRIXÁS - CENTRAL","JOSÉ RONALDO."],["ENSAIOS REGIONAIS","26/07 Qua 14:00","FAINA - CENTRAL","."],["ENSAIOS REGIONAIS","27/07 Qui 14:00","NOVA CRIXÁS - CENTRAL","MARCO ANTONIO QUEIROZ."],["ENSAIOS REGIONAIS","27/07 Qui 14:00","ITABERAÍ - VILA PROGRESSO","."],["ENSAIOS REGIONAIS","03/08 Qui 14:00","JUSSARA - CENTRAL","RUBENS CAVALCANTE."],["ENSAIOS REGIONAIS","29/08 Ter 14:00","FAINA - CENTRAL","."]]}}